step,from_city,to_city,from_x,from_y,to_x,to_y,edge_distance
1,0,1,13.3161,75.772,13.9299,75.5681,71.72019348169171
2,1,5,13.9299,75.5681,15.3647,75.124,166.54213065522924
3,5,6,15.3647,75.124,15.4589,75.0078,16.274948897398502
4,6,7,15.4589,75.0078,15.8497,74.4977,69.79465414173306
5,7,8,15.8497,74.4977,16.8302,75.71,169.17282899944558
6,8,4,16.8302,75.71,15.2695,76.3871,188.02045794782111
7,4,3,15.2695,76.3871,15.1394,76.9214,59.12877909783082
8,3,2,15.1394,76.9214,14.4644,75.9218,131.07773019852178
9,2,0,14.4644,75.9218,13.3161,75.772,128.70489104378112
